1403636762.663555383682251,-0.5491678397080238527294682,-0.08141938518641005095854979,-0.3621366746020392990423886,0.74065115557907912346991,0.05711314341385807791251494,-0.04869973669924602260872248,-0.6676842623346653793348082,0,0,0,0,0,0,0,0,0
1403636762.363555431365967,-0.4699027654699843292718242,-0.1191022197021442130537849,-0.4111180978872364666365513,0.6995873166170579748879277,0.03039121218086779374623063,-0.04509426599444309180508839,-0.7124748841964836376661196,0,0,0,0,0,0,0,0,0
1403636762.013555526733398,-0.4290960512636067258895878,-0.08923435316639023728857438,-0.4024918502327969882514935,0.7166392744173790685380254,0.05813182894722468407877614,-0.03363077258794185120382991,-0.6942030263039011828141156,0,0,0,0,0,0,0,0,0
1403636761.663555383682251,-0.3758883247287834183936184,-0.05541460122044254699158472,-0.4130699682711589382222428,0.7117220940897399650282296,0.05697117206734498423559288,-0.03433277646585482234531383,-0.6993048088938828010796556,0,0,0,0,0,0,0,0,0
1403636761.363555431365967,-0.3084130408060036243611535,-0.04319858093049203096036592,-0.4394978376054369251235698,0.7071282525290194520550813,0.03192769428370875739453538,-0.0593051307884453413055148,-0.7038701216615261824216532,0,0,0,0,0,0,0,0,0
1403636761.163555383682251,-0.2680944336464555766141871,-0.07184414583874354498504999,-0.4406065184250866906268129,0.7071233817512484476353052,0.03835028786762768870932661,-0.05193283708419107330689357,-0.7041368846018305482914457,0,0,0,0,0,0,0,0,0
1403636760.913555383682251,-0.2309826091209046527996662,-0.1268478333308958316827386,-0.4214253142079129599295584,0.7028946595765300786595731,0.05200933984399031678735881,-0.03276428012729053207419128,-0.7086329332027552219130939,0,0,0,0,0,0,0,0,0
1403636760.663555383682251,-0.2147849834990321338246133,-0.1803628034820147496564147,-0.3994134132328390207611335,0.7086186155694689237094508,0.04858519806228265430769753,-0.03844415185874456436510016,-0.702866420572934136323795,0,0,0,0,0,0,0,0,0
1403636760.413555383682251,-0.208394751172211678547086,-0.2476086021494496025585619,-0.3816190682739616368834845,0.7140439229782885588448949,0.06053749453596051627313201,-0.02893291702485183830573234,-0.6968782976615892632565874,0,0,0,0,0,0,0,0,0
1403636760.113555431365967,-0.1963226151314010625714701,-0.3042097435511261216412038,-0.3617417287038264261944676,0.714135866689241227689422,0.04499390053070224243514375,-0.04620313477663032242226393,-0.6970299763131853065800669,0,0,0,0,0,0,0,0,0
1403636759.763555526733398,-0.1793133517285501188354147,-0.3581590446835884455900612,-0.3097523707766761669191169,0.7142374626189148534294304,0.06236403659176838198963111,-0.02888706251019905468790938,-0.6965207214431452520386756,0,0,0,0,0,0,0,0,0
1403636759.463555574417114,-0.1487343470416358504060383,-0.4528258591826454515505418,-0.3089518557983393365340419,0.7312246870598299031129841,0.06601931988747281043750093,-0.03430487553356022928374713,-0.678067175656035803221755,0,0,0,0,0,0,0,0,0
1403636759.013555526733398,0.03078683172398846007444817,-0.565839248768184255311553,-0.3325259851636546137854111,0.719251566241729256567794,0.05486985354349471766255419,-0.03273943130025757514145468,-0.6918053351895048219688533,0,0,0,0,0,0,0,0,0
1403636758.663555383682251,0.2576150805734630511167893,-0.5898695393034708578383629,-0.324324885890030667479067,0.7303364889134399406955822,0.03066358646367892820672196,-0.07096368906025267431214587,-0.678699152492247437251649,0,0,0,0,0,0,0,0,0
1403636758.313555479049683,0.5599320387522314090844588,-0.6205503241967693650593674,-0.2193018865194036604027161,0.7127918268345035945898758,0.05858835929555790411615845,-0.02776090974002455927238664,-0.6983727967728601271346633,0,0,0,0,0,0,0,0,0
1403636757.713555574417114,1.126649592896855178736359,-0.5136284377563056224857974,0.0752252972214138976303488,0.709781909784134579233239,0.02081235216382409936031195,-0.03049559428136928637687042,-0.7034532747679179687239071,0,0,0,0,0,0,0,0,0
1403636757.213555574417114,1.561530639500256389951005,-0.6019898841383327647847068,0.3794283744492998877717582,0.7206185409690462062570759,0.03284352075234029527672774,0.001800826334148146598210238,-0.692551084320343290912092,0,0,0,0,0,0,0,0,0
1403636756.563555479049683,2.126080656351022835082176,-0.6306723908139790779614486,0.7229894383364141585701645,0.7190310153544604565567511,0.02630311503181394922057379,0.005032014778269566432356008,-0.6944618264078081804058229,0,0,0,0,0,0,0,0,0
1403636756.013555526733398,2.591545185178521837343624,-0.636744455534571152099943,0.9374727617043046024036812,0.7202451103620670647131874,0.01951777692862964944109372,0.001883180096463100885312292,-0.6934425009112775706299203,0,0,0,0,0,0,0,0,0
1403636755.413555383682251,3.062133472443158588305323,-0.6434270564486209709187392,1.17242850329728565128562,0.7163162629144848025930514,0.01458189328681867673320749,-0.008135174992884052977415443,-0.6975759463219163292180269,0,0,0,0,0,0,0,0,0
1403636754.463555574417114,3.683421714097557142508776,-0.679219193673483712103689,1.496893469435163659397858,0.7326959273622770663081383,-0.02525541975006867501107877,0.06590718983449550538722406,-0.6768863236228970237107205,0,0,0,0,0,0,0,0,0
1403636753.563555479049683,3.98299808673475075337933,-0.5930338700774935301041069,1.566991559289990343373233,0.7335477322966098556733527,-0.03587049264639885493011207,0.05218456348383591208994758,-0.6766814558642908483676592,0,0,0,0,0,0,0,0,0
1403636752.513555526733398,4.046005295908035925833701,-0.3986740412046053116945643,1.638679803863432260513378,0.7675860351271212023149815,-0.1864359288522322299908041,0.2073361853074498495352884,-0.5771178766119319236693741,0,0,0,0,0,0,0,0,0
1403636751.513555526733398,4.051706855918578042974332,0.04943636661872807119832984,1.82000773887060507405522,0.7759612575847113502547359,-0.2363755914505278887816075,0.2409016330056949484195172,-0.5328950312337236150384001,0,0,0,0,0,0,0,0,0
1403636749.613555431365967,4.33265451048714567150455,0.8453719892065718610751901,2.277372464138341268125032,0.7566605491225580903957848,-0.2595037605944472969277115,0.2694441686015817127852756,-0.5362112094460670386197876,0,0,0,0,0,0,0,0,0
1403636748.713555574417114,4.188112802192534900314058,1.131352590262695745337851,2.254113673758933344970501,0.7706384500322599473420837,-0.2432420394722647760676892,0.2566488777357975870074824,-0.5301707752901094750086486,0,0,0,0,0,0,0,0,0
1403636746.563555479049683,4.336981704600000320226627,1.870181281765017633489379,1.883494847071042643804617,0.7569836660138213879633895,-0.2385780798833804228209488,0.2615269739834391593547025,-0.5492357108200479620663259,0,0,0,0,0,0,0,0,0
1403636745.663555383682251,4.282821495266309064220422,2.056671350353804772481681,1.865862772382684386940355,0.7651027204268417980514982,-0.2142965626621919084104917,0.2380914436038085724156588,-0.5585761044950745546344706,0,0,0,0,0,0,0,0,0
1403636744.863555431365967,4.021905134707835394181075,1.707103707607102061061255,1.648972830369868747268924,0.7705698814390494755244276,-0.2176611244536146572148283,0.2498774392936203569970388,-0.5444326798193050986895969,0,0,0,0,0,0,0,0,0
1403636743.863555431365967,3.652725136240326353487262,1.055701855989960913362324,1.055523783910132795682557,0.7710780774535381798528988,-0.2124490732287929450894381,0.2140194805584268722409291,-0.5608027059351841092649238,0,0,0,0,0,0,0,0,0
1403636742.963555574417114,3.38357054625078745857536,0.8266790549877038873916035,0.7445877394787792091790379,0.7692116636049916023054607,-0.1820964636644766543316365,0.2028055015129575922028238,-0.5779482949689633830558932,0,0,0,0,0,0,0,0,0
1403636741.963555574417114,3.260680242703878572996246,0.6331808539442550509690477,0.579210061027091160923419,0.7642182901986486198708803,-0.2100021649046242000480333,0.2047361790816022153460807,-0.5744149970056648957239531,0,0,0,0,0,0,0,0,0
1403636740.863555431365967,3.103962724174525789067047,0.1103813240535208295423075,0.6498341078979705809359757,0.769381410856801228881352,-0.1858460151470715804311595,0.1982138989325707145727762,-0.5781217471441849609092856,0,0,0,0,0,0,0,0,0
1403636739.963555574417114,2.884268582138678205240012,-0.199198819039903857186502,0.652713470542383933370445,0.7694502300476403489071231,-0.1983895253142025638659618,0.2110209272758465370856129,-0.5692610242204652060138415,0,0,0,0,0,0,0,0,0
1403636737.763555526733398,2.84795684015485628393094,-0.2726759926771329944905631,0.4490389140874525564228747,0.7369852131510830073324314,0.006319620896889819976205427,-0.00453243052155848698964169,-0.6758641272594635429626919,0,0,0,0,0,0,0,0,0
1403636736.913555383682251,3.278520350036350450295686,-0.3392977502308903159367048,0.5936533440911455627997384,0.7192414600998100482343034,-0.001817117716239023640298345,0.02583437979177662102703295,-0.6942773310944779785458536,0,0,0,0,0,0,0,0,0
1403636735.813555479049683,3.711456334730022454948539,-0.1766589774207948382311884,0.6302627246737014798938503,0.7492607568087323866024008,-0.04050681057083024838583185,0.0460473529437024978183679,-0.6594294166216564390126109,0,0,0,0,0,0,0,0,0
1403636734.813555479049683,4.056338890803717234234682,-0.153453400395358763308451,1.210777262908725226964179,0.7416305470542206013107034,-0.03801758190850133833915692,0.04147735903980292321291401,-0.6684447852556641977983531,0,0,0,0,0,0,0,0,0
1403636733.713555574417114,4.630374508848894343771008,-0.2003784063933475856345012,1.838573427928843262435521,0.7412956568409299062949458,-0.03861753970378866557267017,0.04963096796262494309059932,-0.6682261778156862730426724,0,0,0,0,0,0,0,0,0
1403636732.563555479049683,5.03019854912878727759562,-0.200845942576434427495613,2.486242106633925974534804,0.7268249459186686411982237,-0.03577360222742601014722652,0.07386287183336245898424011,-0.6819017661685881082078708,0,0,0,0,0,0,0,0,0
1403636731.363555431365967,5.075814248149133511844866,-0.5098277020932686642851195,2.619860460081096853457439,0.7537713165752257804541614,-0.03604796858468259368457609,0.05866544665926294588320644,-0.6535194732558841090863666,0,0,0,0,0,0,0,0,0
1403636730.263555526733398,5.519467724671871522446054,-0.510845487943915710360443,2.969029724235370704121806,0.74344808031678499826711,-0.04508999384270895999238249,0.05374888685970670432201501,-0.6651036948726238851037351,0,0,0,0,0,0,0,0,0
1403636729.213555574417114,6.038669703362601559604173,-0.6643763832587906703608382,3.55910112220950169970024,0.7390648601516486282392293,-0.04135534757588320287080563,0.07158357495361708511261156,-0.6685421934116527742375524,0,0,0,0,0,0,0,0,0
1403636728.213555574417114,6.445811658728588078304256,-0.6889085214169858861765761,3.994194090968549826214939,0.7490089803394870404673611,-0.08776638691276902881632793,0.1111166750078801529477701,-0.6472524298918830298887883,0,0,0,0,0,0,0,0,0
1403636726.863555431365967,6.745420934559962056198401,-0.4011966212960983435564799,3.736900220143990924981381,0.7691762078409211111917898,-0.07540837373283761080333676,0.0924217189900743835151431,-0.6278055268091695673149388,0,0,0,0,0,0,0,0,0
1403636724.413555383682251,6.921399152108444141617838,-0.06074545979461075384531199,5.478055695095627619650713,0.7543060241347367966824322,-0.09051601825995214678499678,0.09376459514567411779317752,-0.6434574477173697903964467,0,0,0,0,0,0,0,0,0
1403636723.113555431365967,7.152765594973266694012182,-0.2754196890560224320054772,6.121507106122498598210768,0.7324187177608836307740603,-0.003290480615092632784429716,0.02548596569491821950403931,-0.6803693633028953247077197,0,0,0,0,0,0,0,0,0
1403636721.063555479049683,7.268118120455469011176319,-0.6657007397135954462896734,6.920255163290196520620157,0.714046801034383005202244,0.06697765030375035788523519,-0.04647072232407017250421788,-0.6953356239669223892718719,0,0,0,0,0,0,0,0,0
1403636719.763555526733398,7.632292451484146589280044,-0.9752316840364018135645097,7.531587137484214267146854,0.6978555357445449525144454,0.09561039171129304126139914,-0.06765261141258079036209239,-0.7065970935585315082505531,0,0,0,0,0,0,0,0,0
1403636718.513555526733398,8.404347996536237985765183,-1.414452560555021998212055,8.096916650959013139754461,0.7058361649944508986465053,0.06810541151836983775336165,-0.05081253585718265020076956,-0.7032603164737959433594483,0,0,0,0,0,0,0,0,0
1403636717.613555431365967,8.969368192890593505239849,-1.643224852696599569412683,8.613116217625776727118136,0.72020599501326032498838,-0.01058522574566916549243523,0.02994321840490230673959005,-0.6930329592152988382736112,0,0,0,0,0,0,0,0,0
1403636716.763555526733398,9.17390733736218066951551,-1.810681230632164906424464,9.102241699676095976201395,0.7555043781941915836952717,-0.08197443573109795822428936,0.1032828116982585364702629,-0.6417367007660000899349484,0,0,0,0,0,0,0,0,0
1403636715.213555574417114,9.524413691682392268944568,-1.896267907000585895005429,9.728836974339801102473757,0.754011950268164699018314,-0.1084629007639617837011059,0.08806327260684097824050554,-0.6418306996158745780789445,0,0,0,0,0,0,0,0,0
1403636714.563555479049683,9.841336123680330061347377,-1.901271632079790663283347,10.07693664589089976857395,0.7762375788017316091682574,-0.1788222833909753617387395,0.1768190723757845361774343,-0.5781114334895078865628193,0,0,0,0,0,0,0,0,0
1403636713.513555526733398,10.68117924000229734815548,-1.835788217435986968695261,10.70145002781943688319188,0.7657811313734128599861606,-0.1606315393283322401352109,0.1886527304612295730112947,-0.5934533698441915028354288,0,0,0,0,0,0,0,0,0
1403636712.863555431365967,11.2924680342846190939099,-1.636556242374282543750041,10.93918947873347669030863,0.7563439919717978021651561,-0.1557908006074613660452144,0.2055228839303344656741501,-0.6011932611210581978156142,0,0,0,0,0,0,0,0,0
1403636712.413555383682251,11.62296179244387595019816,-1.430223713370546434475727,10.99169687719836474570911,0.757007801866142471247656,-0.1925812370376705773278303,0.2232411084216687213732655,-0.583108118538041342304723,0,0,0,0,0,0,0,0,0
1403636711.613555431365967,12.05742361097425785487758,-1.114077100228660910374856,10.78688639954410533050577,0.7500222664814281126055562,-0.1965978761499020677216976,0.2476843639548746145440106,-0.580920254619582077104667,0,0,0,0,0,0,0,0,0
1403636711.163555383682251,12.13325263419308974732758,-0.986338853123601588812619,10.49014699167318376282765,0.753514355793116652471042,-0.2221012740941420982032639,0.2277021410295024250736162,-0.5753597751771765134165548,0,0,0,0,0,0,0,0,0
1403636710.613555431365967,12.11350649589600081412755,-0.9697215538238154186601037,10.02193305537692324946875,0.7734085990929707721264208,-0.2606869444801498958419472,0.2805840361761423595865494,-0.5051277540884315797597992,0,0,0,0,0,0,0,0,0
1403636710.013555526733398,12.04230842400185608198626,-0.8669639972273491812515545,9.425338316793999027254358,0.7465279225532496232276003,-0.3094838775492810278855416,0.2958862916609415472102285,-0.5092809678278835683329362,0,0,0,0,0,0,0,0,0
1403636709.513555526733398,11.88936651915173214888455,-0.778317904637908508647115,9.005804452406630744576432,0.7447271659172535196447029,-0.312203499741989187743485,0.3015587800312549693337871,-0.506924766303551099788649,0,0,0,0,0,0,0,0,0
1403636709.063555479049683,11.64021313973213622716685,-0.671336470853902578248551,8.707777957865063811482287,0.7424118047310459544974037,-0.2962141024374984055178572,0.3107551330351916996086459,-0.5143084185606087155306909,0,0,0,0,0,0,0,0,0
1403636708.463555574417114,11.09331748472454570730861,-0.6445936128253261232501359,8.231830140295588904564283,0.7759539521363127967390483,-0.27227713620968968522007,0.2957133475085416685068651,-0.4861216309416463432491184,0,0,0,0,0,0,0,0,0
1403636708.013555526733398,10.68033643138334021216451,-0.6190700951125026607613222,7.756049604227036375903026,0.7660509056250396353604515,-0.2990654895679495939297965,0.2856099391163904321899736,-0.4920902485789003244498474,0,0,0,0,0,0,0,0,0
1403636707.313555479049683,10.08905127210507401969153,-0.244102817091864154885883,7.127156849561687934624388,0.7536630466880737122536971,-0.3099734151838331452921693,0.2837944218361638792913482,-0.5053406830785759362711929,0,0,0,0,0,0,0,0,0
1403636706.963555574417114,9.783664786731964824184615,-0.1071900344445272101889799,6.849885146392352019972805,0.7578319878179110569149657,-0.3055782859373725734997151,0.2732397779864573772456993,-0.5075949359284031014993843,0,0,0,0,0,0,0,0,0
1403636706.513555526733398,9.405075598207696785379994,-0.03523403985388361830954906,6.551780824425523341858479,0.7547169102798811923804578,-0.2945991371573424277841013,0.2813819145207389071927651,-0.5142353151971026381517049,0,0,0,0,0,0,0,0,0
1403636706.213555574417114,9.127881174847752632217635,-0.04502491225726615309277179,6.346959246829425360658661,0.7688745842931405949371992,-0.2751910351284536648819312,0.2943456377783201238784727,-0.496449830145370085698886,0,0,0,0,0,0,0,0,0
1403636705.813555479049683,8.746977618326537751158867,0.01205668202894316816398135,6.045195736459517910077466,0.7610748484793786738933363,-0.3021078893847773394476519,0.2776527955381428158787571,-0.5023990527899440117209906,0,0,0,0,0,0,0,0,0
1403636705.563555479049683,8.518339912544810488270741,0.01253207814317213938948292,5.850026785313160893053919,0.7594366353293717786243633,-0.3069185361257239508248063,0.272699150691123104461866,-0.5046703754783899986691154,0,0,0,0,0,0,0,0,0
1403636705.313555479049683,8.29141041891536190178158,0.03036342790545087585996065,5.690747539104511254492991,0.7565302114687523227232191,-0.303040864562678646798588,0.2788825812372484613810286,-0.5079889422525816211617666,0,0,0,0,0,0,0,0,0
1403636704.813555479049683,7.881643120202428853815491,-0.02560888565692392287997947,5.461881646276423474262174,0.7658793935727689072834323,-0.3147492830508065719818944,0.2650395684282844110946087,-0.4940806385978294135163935,0,0,0,0,0,0,0,0,0
1403636704.513555526733398,7.690311844810705288466579,-0.03247087391813993639821945,5.424241748915807903586028,0.7638567692961563126985425,-0.3050015515168583157823434,0.2793960453125856613354472,-0.4954137073423536263838685,0,0,0,0,0,0,0,0,0
1403636704.263555526733398,7.549308460701388945324197,-0.07320308757113661024540363,5.414139637343640565347869,0.7657289373013824729241605,-0.2963628653464637774384016,0.2895509687051503466825864,-0.4919232520516305662283685,0,0,0,0,0,0,0,0,0
1403636703.463555574417114,7.119168991238910670915629,-0.1508315596755060994382802,5.389040770322182538620837,0.7658728685505369337960246,-0.2920158432368485934560454,0.3055713133629305855443192,-0.4845530832067614923630572,0,0,0,0,0,0,0,0,0
1403636702.763555526733398,6.780308908405304535449432,-0.4008326571409565053372148,5.240780358103194203067687,0.7599632990963209877577356,-0.3176464824387717489351246,0.28838295196844260237512,-0.4882538007623600795348295,0,0,0,0,0,0,0,0,0
1403636702.463555574417114,6.665177993523175636880751,-0.5721929147715831831533251,5.219255218525177042465657,0.7633351353519025606075843,-0.3016189312917038622963162,0.2884478136824550897898689,-0.49309568354739086171179,0,0,0,0,0,0,0,0,0
1403636701.763555526733398,6.413746171791778749593504,-0.7818179060125796109304019,5.277416865778635113315431,0.7688906716834803534155185,-0.2236329441047267829745238,0.2291174982115932734494379,-0.5534443385008211979680937,0,0,0,0,0,0,0,0,0
1403636700.813555479049683,6.138028663613501301199449,-0.9205939147062041083557915,5.500641734929142323551332,0.7718965742942300867213135,-0.2191717392349653847904989,0.2373677917615911459048306,-0.5475362598795369128978905,0,0,0,0,0,0,0,0,0
1403636700.113555431365967,6.057779214171325143922786,-1.280144888807674963260297,5.557304364565935905773131,0.7811480436758916345851844,-0.1830508907253622363775492,0.1933375448229523174692446,-0.5647306584197877565856061,0,0,0,0,0,0,0,0,0
1403636699.063555479049683,6.376916015469528353776241,-1.401778924642639978515035,5.722192037219293148098131,0.7436944865145759253621804,-0.03594898466029424616285937,0.04005722855282019961853379,-0.6663494480885219228838423,0,0,0,0,0,0,0,0,0
1403636698.413555383682251,6.756150345559598591194117,-1.627241526240735813857441,5.845107728550755332719291,0.6907589868737117333452602,0.08139193427716998052723341,-0.06457339894118897805075363,-0.7155820368917287233045954,0,0,0,0,0,0,0,0,0
1403636697.663555383682251,7.100795577213116160919526,-1.670216502836566085932191,6.118986357703803946606058,0.6445425577784287263227725,0.1600269437616528289680673,-0.1361927030963556717324536,-0.7351243495522827853250192,0,0,0,0,0,0,0,0,0
1403636696.663555383682251,7.227844709717831328532611,-1.6497743830255264807505,6.31021684391226944654818,0.6494216696064134541899193,0.1839494093283257358795169,-0.1401096771858425238388435,-0.7244193505157096035773634,0,0,0,0,0,0,0,0,0
1403636695.963555574417114,7.219163782547315832971435,-1.708976403584243186628555,6.15321015783186631153967,0.6429201027000279733414345,0.1772765887885772162491094,-0.1507255136656592275912203,-0.7297318663867925492283462,0,0,0,0,0,0,0,0,0
1403636695.163555383682251,7.104935688321367237563209,-1.59941683482450214270898,5.93796493387355628357227,0.6486535723935769048864586,0.183995709635990434271946,-0.1652245471527621634155736,-0.7197881568663373474947775,0,0,0,0,0,0,0,0,0
1403636694.513555526733398,7.056298738882769150393415,-1.57581081487377261396432,5.728345163449827026624916,0.6377971674002205215714412,0.1870790821618659172109744,-0.1647436449602362740218808,-0.7287494265779999036425352,0,0,0,0,0,0,0,0,0
1403636693.913555383682251,7.020197215120796307985529,-1.453872871599748650695005,5.540224868243798006517409,0.6372665027755817224175416,0.1727504462054548217686545,-0.1760813306916336751228869,-0.7300986832095545109311274,0,0,0,0,0,0,0,0,0
1403636693.363555431365967,6.905845656221194950319386,-1.349164237948996314386818,5.48334863156245777560116,0.6324919783571751885631329,0.1691911070163785169029325,-0.170065191262020465323701,-0.7364822410696669763296995,0,0,0,0,0,0,0,0,0
1403636692.613555431365967,6.412137385528009048130116,-1.016117490945226187193384,5.653418815619219550683283,0.6372426439669943709631639,0.1899909807525108351722309,-0.1532747601457417618853185,-0.7309802362023013477809741,0,0,0,0,0,0,0,0,0
1403636691.963555574417114,5.786926442740510267981335,-0.7567030299493915368458374,5.687412309299570978282645,0.6418153105185835372026304,0.1978976696007989644066072,-0.158152475570426415130143,-0.7238076052663708903622819,0,0,0,0,0,0,0,0,0
1403636691.463555574417114,5.303182725369265604342672,-0.5606667923417715249101434,5.622347577883338942683622,0.6567967648395853785814325,0.212513853734726310129588,-0.1423105246140935198351229,-0.7093684587301947175319583,0,0,0,0,0,0,0,0,0
1403636691.113555431365967,5.068062235765637524309568,-0.4686018630145145080767577,5.460283740764406701373446,0.6935494962759192194567959,0.2168701012904794001023845,-0.1581058276511247417950301,-0.6685499413528885881419228,0,0,0,0,0,0,0,0,0
1403636690.863555431365967,5.047357469822302711293105,-0.4572922096369404498794609,5.29189811871197512971321,0.6833985219280022116450368,0.1843224364241085322380087,-0.1812704807018688246689209,-0.6827391275342549192828301,0,0,0,0,0,0,0,0,0
1403636690.463555574417114,5.16065865510308086072655,-0.3563544170775908015436073,5.13497566748964651139886,0.6480385654888743962587228,0.1640042909014719774152269,-0.1749745969860663219463959,-0.7228641036702169175853783,0,0,0,0,0,0,0,0,0
1403636690.013555526733398,5.322738561493810749425393,-0.2430166338916171508977015,5.098990436043725260617521,0.6619870952840939404282494,0.1694563804284486829843104,-0.1884223662084644201897277,-0.7053755315739397291352475,0,0,0,0,0,0,0,0,0
1403636689.563555479049683,5.546486576955141245548475,-0.159850376121477288915429,5.260690382894654071321838,0.641580732752371707405814,0.1754322191823887155948114,-0.1716328457935231699416079,-0.7267323385866779617003886,0,0,0,0,0,0,0,0,0
1403636689.163555383682251,5.750525536930295444904004,-0.1642249567938896537278026,5.49089070971937420750919,0.6455267805778071021904907,0.168465885271817356061419,-0.1559815085968406511707229,-0.7284121056933566817903625,0,0,0,0,0,0,0,0,0
1403636688.813555479049683,5.91953034498405994412451,-0.3064370829539218576975657,5.679092892459588703957252,0.6450411123852384243093638,0.1588354116832366991207692,-0.1282059632763613288286564,-0.7363806895736341173730466,0,0,0,0,0,0,0,0,0
1403636688.413555383682251,6.071157456060199741898487,-0.528633807395220811642389,5.857536706746580890126097,0.658862762594360384937886,0.1623208093283331210354703,-0.1308423742343930440412691,-0.7227946547753847372774771,0,0,0,0,0,0,0,0,0
1403636688.013555526733398,6.187308782557630060239262,-0.7428216688310260717997835,6.04553120354700812555393,0.6593551534715591522228806,0.1630861381113828667555055,-0.1279220752832104512908273,-0.7226960885710466131470753,0,0,0,0,0,0,0,0,0
1403636687.463555574417114,6.404413863990400024306382,-1.001862310202118022672835,6.291108174266317298872764,0.6616036011116677162391397,0.1603693861821196553485436,-0.1281671808467853557189642,-0.7212042071884225968858573,0,0,0,0,0,0,0,0,0
1403636687.013555526733398,6.607226830857058530455106,-1.05191345567101324220971,6.56077677951008020329482,0.662710375381761140900494,0.1538052568060243319170155,-0.1325747039547031380646303,-0.7208209613208229615821665,0,0,0,0,0,0,0,0,0
1403636686.663555383682251,6.800262685908653459421203,-1.139570446946254200781823,6.7812154570784084484103,0.6606200507969098856264623,0.1453689828791934479657044,-0.1360335923717920225683997,-0.7238396676409033503318824,0,0,0,0,0,0,0,0,0
1403636686.213555574417114,7.059806929785811924205063,-1.239028875875234581016571,7.140262787358237162038677,0.6601870631862264415801178,0.1510115566749661297762941,-0.1298383047603059448071861,-0.7242172182999749852072569,0,0,0,0,0,0,0,0,0
1403636685.813555479049683,7.311302630726085105550283,-1.422782715668535091779745,7.466437081441721801411404,0.6524777471585870847192723,0.1540171857041982561575821,-0.1208143050201218454686725,-0.7320897446163352473291752,0,0,0,0,0,0,0,0,0
1403636685.313555479049683,7.576980296671131043240166,-1.577705899814476619980042,7.890569598415742014196894,0.6487083412481938760052458,0.1564627647726407611017407,-0.1264950394501713759609629,-0.7339590716166067840831033,0,0,0,0,0,0,0,0,0
1403636684.913555383682251,7.772838378801708358878386,-1.713881796306409466268406,8.211806032797342780327199,0.660422167563965545333815,0.1736294038778025961011764,-0.1291683120034678167176168,-0.7190347303761014385869998,0,0,0,0,0,0,0,0,0
1403636684.463555574417114,8.046804255462641108920252,-1.845726572897802286732372,8.545454526319687715840701,0.6587641090970042245800187,0.1680801820303414184643032,-0.1299472543377173383571943,-0.7217289047813439939460523,0,0,0,0,0,0,0,0,0
1403636684.113555431365967,8.292285946821843722887024,-1.860829258719878920302904,8.816270121268161119587603,0.659096093684154116232321,0.1558325037544978086678782,-0.1321273698913044969405206,-0.7237754744212340218822987,0,0,0,0,0,0,0,0,0
1403636683.763555526733398,8.568380159655978545174548,-1.944468914067391418498687,9.090219268687960152419691,0.6603892898719049275868542,0.1520709192380404473077249,-0.128028909100408483379141,-0.7241332862205647202813452,0,0,0,0,0,0,0,0,0
1403636683.313555479049683,8.93055097912832351880752,-2.115767005150642976474273,9.409163822955715517082353,0.6597047144951309061156053,0.1544423248141063298444209,-0.1128128380911428141342157,-0.7267809483995668617950514,0,0,0,0,0,0,0,0,0
1403636683.013555526733398,9.176346055232230014553352,-2.165754648209073707221251,9.626154357426628394023282,0.6558117750067079532172443,0.1542263245879872124444177,-0.1059792298469005855654501,-0.7313641875498542166411653,0,0,0,0,0,0,0,0,0
1403636682.713555574417114,9.414365321671464670316709,-2.201032964417859005834543,9.818812773987176001355692,0.6594251665738350975942694,0.1539044844466091188639467,-0.1167638883257576531971011,-0.7265246449625210045653034,0,0,0,0,0,0,0,0,0
1403636682.263555526733398,9.784567535572172403135482,-2.266772237674477441515819,10.09162108309905647729465,0.6597225571691451850853127,0.1547003390880321571643208,-0.1248804151510645998879312,-0.7247336254067342498075277,0,0,0,0,0,0,0,0,0
1403636681.963555574417114,10.03289856710528482608424,-2.271954708512840870326954,10.28528282417932437908803,0.6556279559514183175039648,0.1562884977916162987376936,-0.1146409115816435508872217,-0.7297830906973296061224232,0,0,0,0,0,0,0,0,0
1403636681.563555479049683,10.36005491376780618395514,-2.326575433070878329289144,10.48745902301393861932866,0.6609523300363825404346585,0.1499566143051677680197997,-0.1140252947051655502130885,-0.7263974456531824275273834,0,0,0,0,0,0,0,0,0
1403636681.163555383682251,10.67778002530898540101134,-2.387705116424759133053612,10.66290409359164037539358,0.6644715501331722729005946,0.1205146358847803689240408,-0.1404638212501197469528336,-0.7240329518648366269317762,0,0,0,0,0,0,0,0,0
1403636680.813555479049683,10.94274158907366434334563,-2.479635086620710637816956,10.85833943724716377232653,0.6469708793868973462082295,0.1442398742834397618040043,-0.1055232743731535222098117,-0.7412748238694450986230322,0,0,0,0,0,0,0,0,0
1403636680.513555526733398,11.12922378884164409384994,-2.498572126134739335157064,11.03161889488115754431874,0.6235910537977036316448221,0.1502530095875987681264263,-0.09255981001058499746392272,-0.7615713342204658564682518,0,0,0,0,0,0,0,0,0
1403636680.163555383682251,11.21959364661133129459358,-2.411128924604323930935834,11.16827061581280133850669,0.6342192517247434713212328,0.1642197404989155506971343,-0.0991607012993960257318804,-0.7489759557981122695125009,0,0,0,0,0,0,0,0,0
1403636679.863555431365967,11.25191716510780892690491,-2.269681912779699661797395,11.21953890878475412762327,0.6594783566448128020454078,0.1618266927552247103072602,-0.119396395871266894350704,-0.7243237706213727644666278,0,0,0,0,0,0,0,0,0
1403636679.663555383682251,11.27188682569010858003367,-2.193343809830806900862399,11.21723825290045262192962,0.6697006365760773682893614,0.1475018249916245915986934,-0.1136067322411280638982944,-0.7189143078503392736422484,0,0,0,0,0,0,0,0,0
1403636679.463555574417114,11.30999448749556357540769,-2.149882274250083824540525,11.18407626795377929340702,0.6829721631850823593268274,0.124815949041313448142354,-0.08318454685930200265264745,-0.7148778499371909456172602,0,0,0,0,0,0,0,0,0
1403636679.263555526733398,11.36141755669469688427853,-2.133015765744952219051811,11.11733892327834283264565,0.6893260007463525296245166,0.0824128049573663173932303,-0.04771830894798991667959953,-0.7181648626361132325968128,0,0,0,0,0,0,0,0,0
1403636678.963555574417114,11.40295020127728697900693,-2.113894077506300650526327,10.99134563454988189334927,0.6897629024127308605685016,0.01761723549993392951007465,-0.005498953131089657359042988,-0.7238000618653601669905129,0,0,0,0,0,0,0,0,0
1403636678.763555526733398,11.37897024547344315692499,-2.072595210841813972990622,10.90578172232374853933834,0.7207727600221904840083198,-0.005925183805972432556086194,0.01974531918977784003543796,-0.6928648257386091913190285,0,0,0,0,0,0,0,0,0
1403636678.363555431365967,11.28594719274013691290293,-1.940107165465457583763964,10.73958422366362519539962,0.749759569896330413385499,-0.05865427465321867983583104,0.07335065603435676762078543,-0.6550114000562811122918561,0,0,0,0,0,0,0,0,0
1403636677.563555479049683,11.16531689777229985338636,-1.704389973924800072424546,10.2203983881975570824352,0.7516013458543360226116192,-0.1597110312892504879744848,0.2035357771088774081480466,-0.6067627293400214005814064,0,0,0,0,0,0,0,0,0
1403636676.963555574417114,10.90661069063541965817876,-1.623852644847607384903654,9.577030305432886692074135,0.7739006749473565927033292,-0.1973425159848290200148568,0.1968269174471558857764109,-0.5686764016857045467290277,0,0,0,0,0,0,0,0,0
1403636676.063555479049683,10.39068546183267116589377,-1.492306432637805269081355,8.653201670882946672236358,0.7681111593787012248313317,-0.2896027415472664512385848,0.3083443868883339322728432,-0.4806862240549857334670492,0,0,0,0,0,0,0,0,0
1403636675.113555431365967,9.581708594176912896500653,-1.353173225283263114704368,7.902912240965288326322025,0.7643655090048574463068576,-0.376536037102295217948722,0.3276588521517211360922772,-0.4081735571790532368652293,0,0,0,0,0,0,0,0,0
1403636674.113555431365967,9.133812895471670856295532,-1.497647653567058867452033,7.212313606911282981570821,0.7210736868916629571657495,-0.4126953789406447303811376,0.3731063414498324570800492,-0.4129490618827760806119898,0,0,0,0,0,0,0,0,0
1403636673.363555431365967,8.825740552492016277597031,-1.435741717615458323820121,7.005975110840799047196015,0.7339402880737843082314953,-0.4383867593831692888173279,0.3490671549638623694100659,-0.3837978912211845727853188,0,0,0,0,0,0,0,0,0
1403636672.563555479049683,8.897365290166399987015211,-1.659246435828684029800684,7.251046126288938964421504,0.6886256315913449332910545,-0.4826173091683637061954926,0.398404279855557319489634,-0.366263991630844332192396,0,0,0,0,0,0,0,0,0
1403636671.663555383682251,9.659548545398727981137199,-1.710794066425991299951193,8.602090704939890031255345,0.7201937554344978176246173,-0.4529718174831235399935281,0.4088122671338578206778891,-0.3301666532483718552448693,0,0,0,0,0,0,0,0,0
1403636671.063555479049683,10.71262310910109505357468,-1.73746787868162400059191,9.63317059239937378833929,0.6792317814486069638135746,-0.4091650568773513296783051,0.5660059113226402205398813,-0.2255337176272707855329003,0,0,0,0,0,0,0,0,0
1403636669.913555383682251,11.36946040353174680603843,-1.444853590713132351908143,9.563632062108853304494005,0.5641764430136227970180585,-0.5538407430651166585278133,0.5967023168437779467865312,-0.1375199366650814714052586,0,0,0,0,0,0,0,0,0
1403636668.663555383682251,10.54268023226567585481916,-1.368525881191133608538735,8.74703496903250865557311,0.5778522140110531335466248,-0.5901373334204349507814413,0.5499226857990799910425039,-0.1241361853702211831551594,0,0,0,0,0,0,0,0,0
1403636668.113555431365967,10.21190057447639532028916,-1.477852991330960819027496,8.544770037844036991714347,0.5905717290261599528022884,-0.5746008641017695817154731,0.5520014425648287481607213,-0.1278799984497191732923937,0,0,0,0,0,0,0,0,0
1403636667.313555479049683,9.80811231533884431144088,-1.437259944882147255640348,8.227981453802682310083583,0.5767901351148977395766337,-0.5794689595534997517134457,0.5572868545305769139019958,-0.1447765004078791772901269,0,0,0,0,0,0,0,0,0
1403636666.713555574417114,9.504517775491585496183689,-1.315182294457383216368385,7.959550300225308738788499,0.5816264265326279714329871,-0.5776812131777385728170771,0.5572488749538971886110517,-0.1321695612286694077042171,0,0,0,0,0,0,0,0,0
1403636666.213555574417114,9.218146985544251492683543,-1.204756445720897461981735,7.645213526710819884613102,0.5706346323877635740018377,-0.5752645555977766722577371,0.5700171332528478629342317,-0.1361150199782926450975395,0,0,0,0,0,0,0,0,0
1403636665.763555526733398,8.860211610659137093648496,-1.039083285900856301608997,7.358883154134249870992335,0.5720706929480067204352167,-0.5941502868343799814709882,0.5473960399770538831631939,-0.1416973119871274000569628,0,0,0,0,0,0,0,0,0
1403636665.263555526733398,8.437830930823359665282624,-0.8550638335500450049053711,7.088082644104982676935833,0.586932152764619963214443,-0.5748625783530439958823877,0.5545868531817244040382775,-0.1322008887122742004649467,0,0,0,0,0,0,0,0,0
1403636664.913555383682251,8.1394137664934742559808,-0.7727466322556916233921243,6.873467880403285157342452,0.5685583834868617181257378,-0.5856275331122831051544608,0.5599136996663337528801208,-0.1424022177328430061038489,0,0,0,0,0,0,0,0,0
1403636664.513555526733398,7.776483418865591801250048,-0.8124858225816233847638159,6.611944963086805238106081,0.5545272235876088640083026,-0.59921160477493007334715,0.5609979308961142718814585,-0.1368441894880071119100506,0,0,0,0,0,0,0,0,0
1403636664.163555383682251,7.430482193776648536243101,-0.848129765230810184206689,6.460635513546124641948154,0.5503418700736959490171785,-0.6241352138024600648691376,0.5402651160547939923617378,-0.1252704533028075328804363,0,0,0,0,0,0,0,0,0
1403636663.763555526733398,7.134613974860315899206853,-0.9217260444048861467436495,6.42187179370090532870563,0.5734500419695701678435285,-0.6195788117844293063640748,0.5286476891790813370519686,-0.08836719739003755236250726,0,0,0,0,0,0,0,0,0
1403636663.363555431365967,7.065666702740864835163848,-1.07736292808133926612868,6.389884777891298384133734,0.5746727177379870044049426,-0.5963884928551106412442095,0.5538295600762389581106504,-0.08570219053051859880998364,0,0,0,0,0,0,0,0,0
1403636663.063555479049683,7.084279707849115759188408,-1.118717064766330482328272,6.339999225862722909141667,0.5792125327768534726047278,-0.5725723740500863190305836,0.5743182828555773999923417,-0.08265707226217416936364657,0,0,0,0,0,0,0,0,0
1403636662.613555431365967,7.113485113901091061450188,-1.155530908846550630642014,6.129888812861596925074537,0.5636423398457628408664277,-0.5968266585911415900156385,0.5612869458614758721992644,-0.1051770301526958467652761,0,0,0,0,0,0,0,0,0
1403636661.713555574417114,7.136614916045459722226951,-0.9827908920913337453839631,5.791957189181238696562559,0.5528370776584423662569634,-0.5927859979462076767120493,0.5735150868930798395695092,-0.1185594951032499511089924,0,0,0,0,0,0,0,0,0
1403636661.413555383682251,7.084462382469591368305828,-1.024906608833165089222916,5.673254332396457932929934,0.5482350059947032061558048,-0.5984585168316732817217485,0.5714502684460024406476464,-0.1213687129336584458183523,0,0,0,0,0,0,0,0,0
1403636660.763555526733398,6.942084995471796027288747,-1.35931749601606011168542,5.516437785313471842130184,0.555561332407641494945949,-0.608879998661523980096888,0.5551148635508966755480742,-0.1116434224841519606830076,0,0,0,0,0,0,0,0,0
1403636660.513555526733398,6.916886390128651918018932,-1.469104697208183818446514,5.538760987428474003024803,0.5781634680191811703764415,-0.6063831030984784264958876,0.5392041699596731296750818,-0.08535459822437556354213228,0,0,0,0,0,0,0,0,0
1403636660.263555526733398,6.957744010882032092979443,-1.57802262511058977167977,5.554874506235686126842666,0.5671886083911120701728237,-0.6025519563592526273154704,0.5528040407194764194187542,-0.09816266080222371681607285,0,0,0,0,0,0,0,0,0
1403636660.013555526733398,7.047509219749088060780196,-1.717707087398683052370529,5.56291453720827799855897,0.559821139276046597643699,-0.5993600793810823779139696,0.5615860408288636529405835,-0.1094938952046296543052506,0,0,0,0,0,0,0,0,0
1403636659.463555574417114,7.287316227522581790765344,-1.930122754561459430533432,5.703496756718507754158054,0.5616801634214241278897362,-0.5946834462972607759922994,0.5634065650509686440372548,-0.1159312673570017382385089,0,0,0,0,0,0,0,0,0
1403636659.263555526733398,7.390330283962359025906608,-2.022543868352568718904649,5.775348446498086651956783,0.5532734202302695969422075,-0.5916537742345698847046265,0.5730337876462718860182122,-0.1243648413440181510480897,0,0,0,0,0,0,0,0,0
1403636659.063555479049683,7.485331633174847176803723,-2.14077329870451915638796,5.864027636076298399814277,0.555322615794059615268452,-0.5961558504562337601484501,0.5669169041121325802734532,-0.1217382909677289098970832,0,0,0,0,0,0,0,0,0
1403636658.863555431365967,7.582192642302134188980745,-2.242193178001624875861353,5.982116339928440496009898,0.5590022771152868275024161,-0.606840937998159635213824,0.5524703971507034516719159,-0.1184778478261501871715566,0,0,0,0,0,0,0,0,0
1403636658.663555383682251,7.698771079116800031272305,-2.343846476330445405267255,6.130312236327746688857587,0.5682561207855354457052499,-0.6006227447922601880847537,0.5517810311602109329953691,-0.1089725107424676375789119,0,0,0,0,0,0,0,0,0
1403636658.413555383682251,7.877254533525536395188738,-2.456882238655006656102842,6.335944136612131849517482,0.574403942425978031316447,-0.5877598799641210458588603,0.560085752489078880778095,-0.1044144516223284718803299,0,0,0,0,0,0,0,0,0
1403636658.113555431365967,8.126634027808499638467765,-2.549797395721376425115068,6.589585802141826320621476,0.5832457562046898802421424,-0.569025541524744049581841,0.5708270444295341361495844,-0.1009496034985043338982891,0,0,0,0,0,0,0,0,0
1403636657.513555526733398,8.634861632112350804391099,-2.781128023695640827384068,6.929817357807949385062329,0.5813093167468412758580598,-0.5652375885190552562420407,0.5729234588018559115596418,-0.1197693263257166434998524,0,0,0,0,0,0,0,0,0
1403636657.113555431365967,8.927322044872646245039505,-2.882595953500223906473821,7.11740980382985011232222,0.561249001064814012629256,-0.572678510093161619032287,0.5812905576242451965995883,-0.1383479681261770288802637,0,0,0,0,0,0,0,0,0
1403636656.813555479049683,9.090804647585148501320873,-2.956597624816748037801517,7.276917419073094528414458,0.5634912867202767072782876,-0.5793111329515668872502943,0.5750729198475896808417929,-0.1271506865562135046854308,0,0,0,0,0,0,0,0,0
1403636656.513555526733398,9.229707597150071052283238,-2.96672470819554723320266,7.481275511725502980198144,0.5774901979364854831544562,-0.5827269900833953464314163,0.5621922405146363432848489,-0.1042796301230244360169763,0,0,0,0,0,0,0,0,0
1403636656.263555526733398,9.368586099536036826407326,-2.982136549505041589469556,7.634997573451332897320754,0.5791149072278812814928983,-0.5781948979282920397793077,0.5642974236746066685199708,-0.1090182145477931185961751,0,0,0,0,0,0,0,0,0
1403636655.563555479049683,9.805781482172690743936982,-3.229246555894281556220449,7.870000835672541938947688,0.6114787748357878305327517,-0.5352910174318740166299335,0.5460951395166862010199793,-0.2033158785706715987462445,0,0,0,0,0,0,0,0,0
1403636655.213555574417114,9.968129100307780987577644,-3.305482336846476520975102,7.979315846394412936604112,0.6236935177183505762954496,-0.5276009957375202841234341,0.5302455797337715104333711,-0.2268991419603103298907598,0,0,0,0,0,0,0,0,0
1403636654.863555431365967,10.06531567400366355968799,-3.38294726423000291504195,8.112830709006546570094542,0.6421962666826097620997871,-0.5277390450800966137379078,0.508994592590943484289312,-0.2236066634632561112017157,0,0,0,0,0,0,0,0,0
1403636654.563555479049683,10.14924773183732220616093,-3.384013459167820148110195,8.266981443444507249296294,0.6523727607463432054402119,-0.5083818791639400647142111,0.4980535674108004240423497,-0.2605768237540149190323291,0,0,0,0,0,0,0,0,0
1403636653.963555574417114,10.24536828202475646776293,-3.487240270069239311823139,8.554096103448260990376184,0.6728109774215205174385801,-0.4731421457431369548274347,0.4750759706661264458738003,-0.3126735020781626350760973,0,0,0,0,0,0,0,0,0
1403636653.463555574417114,10.20214748401189908122433,-3.53191797372791649323176,8.837906002343938638432519,0.6729471617211372214129028,-0.4828733631507992063447432,0.4730472711492516579845358,-0.3003360092960515870252891,0,0,0,0,0,0,0,0,0
1403636653.263555526733398,10.16658691940470227166315,-3.582431846923264107118712,8.961965059617559958837774,0.6749638380177009899796303,-0.4886258356443617389963663,0.4717848045497667341940939,-0.2882493757082624230569934,0,0,0,0,0,0,0,0,0
1403636652.963555574417114,10.11980168955287950893762,-3.656929770004093693813729,9.160619114552320141342534,0.6851811138291936664757031,-0.4974139454223341916261347,0.4597008446162456074546299,-0.2679203914017379006828889,0,0,0,0,0,0,0,0,0
1403636652.613555431365967,10.12889244557011814151792,-3.732838220083504410240494,9.408972909658407601796171,0.6931356412699022362389201,-0.4836230300856879105175778,0.4560232977627981520996059,-0.2787732294597185522810889,0,0,0,0,0,0,0,0,0
1403636652.063555479049683,10.28469565145197961442136,-4.028914266764197726899965,9.725180991594948309852953,0.7307866907766125130763157,-0.3727308042130247356382711,0.4100213114160700667021331,-0.3986289970376913904814842,0,0,0,0,0,0,0,0,0
1403636650.513555526733398,10.18611647963319555287853,-4.275325230880147486800524,10.42728300489672044193412,0.7454516200121024116498347,-0.3379092368917887556634128,0.3491856421669966015208786,-0.4562769081231343171189963,0,0,0,0,0,0,0,0,0
1403636649.963555574417114,10.0155817852603661322064,-4.353565709087688695433371,10.58970299751837984558733,0.7575697559434361183505757,-0.2687266668761363885842286,0.2969633535052590977976195,-0.5154481706941491658824361,0,0,0,0,0,0,0,0,0
1403636649.363555431365967,9.675725630079563543972654,-4.081638643053333126431426,10.75810153346766995241524,0.7605538086883490977996303,-0.265775314489180125576695,0.2793086867890390845303727,-0.5224060266093120130648231,0,0,0,0,0,0,0,0,0
1403636648.263555526733398,8.918634374249990059979609,-4.17643080912041142482849,10.81312280068601516802573,0.7710997739056207889163375,-0.1777415615995298348028797,0.2041647912081601679012977,-0.5763070479752612218504737,0,0,0,0,0,0,0,0,0
1403636647.813555479049683,8.574874962466052963350194,-4.196161070872620690863641,10.723463402284577838941,0.7685188429155316303109657,-0.1192259199524289964289281,0.1547235524191948596861579,-0.6092820383082490076631643,0,0,0,0,0,0,0,0,0
1403636647.213555574417114,8.141983861101977026919485,-4.066538134640962809385201,10.44921435253991326419509,0.7651529781176765743211377,-0.135004615327336513486145,0.1455478581369593071848101,-0.6124789755528777801529827,0,0,0,0,0,0,0,0,0
1403636646.513555526733398,7.588525002556943732656691,-3.726952282535475280411674,10.00264880968411951300823,0.7681563166825076116595028,-0.08757017059601850117456223,0.1279881310188307474984271,-0.621197542342347808208558,0,0,0,0,0,0,0,0,0
1403636646.113555431365967,7.263117034578860042870474,-3.534213792321468261548034,9.599338258762232456433594,0.7514285146650280244884357,-0.0431017328125126789051258,0.04117003267523331594412994,-0.6571167769169549144336884,0,0,0,0,0,0,0,0,0
1403636645.713555574417114,6.999232098748317199010671,-3.352484033347741032571321,9.17579859570113676170422,0.739785400068184495481205,-0.04647433442259364666515609,0.02149044123449174101270209,-0.6708918459486300500671518,0,0,0,0,0,0,0,0,0
1403636645.213555574417114,6.683191521463495377020081,-3.280990047919265517606391,8.725242372029034854108431,0.7422279076667267494471503,-0.05643286609562669225992337,0.005560659774630364975134267,-0.6677440840912864938871962,0,0,0,0,0,0,0,0,0
1403636644.563555479049683,6.301265832257874066613113,-3.446451608666259769364615,8.262498832891720823567994,0.7612418149985324955508759,-0.005566367804971383836942778,0.03545877716165334037068391,-0.6474740060317367706943514,0,0,0,0,0,0,0,0,0
1403636644.113555431365967,6.128997759720317795029132,-3.390381796505910649841553,7.929740800793242172517239,0.7393633706853028897398872,-0.04797069435556723659974665,0.006545076862354494602602717,-0.6715636954398112035136137,0,0,0,0,0,0,0,0,0
1403636643.563555479049683,5.953043367667719465430309,-3.226030323414684541916131,7.74499813392436653458617,0.7436977521639128729802337,-0.03262444791997033688435437,0.02499515391001562447659268,-0.6672514913077775000616043,0,0,0,0,0,0,0,0,0
1403636642.913555383682251,5.802335906652145602890869,-3.178387063369979781413122,7.610326005307759267282108,0.7418599800033769398055483,-0.03513665571257770792179542,0.02795670465484731068150914,-0.6690497890450222140401593,0,0,0,0,0,0,0,0,0
1403636641.713555574417114,5.524480675380153193998467,-3.093909088383652417064695,7.370070688882551124265774,0.7247770962598879540550456,0.01924294260162678904535483,0.003060328682674491335841127,-0.6887078714675159973879204,0,0,0,0,0,0,0,0,0
1403636640.863555431365967,5.290383544418490124883192,-3.051497482227112367780819,6.961592449087115497263767,0.7207751057115358017668427,0.01937154457061735293721405,-0.001090208501297985389799639,-0.6928973926167333319270369,0,0,0,0,0,0,0,0,0
1403636640.313555479049683,5.084174273890903705819255,-2.974195032696159035623396,6.632723542133014404953428,0.7263927247263300968072031,0.01207705185088348356914345,0.01321723737925199239351404,-0.6870466307887768131479334,0,0,0,0,0,0,0,0,0
1403636639.813555479049683,4.862061611865109433949783,-2.835106888387398882400703,6.252690457921857181133873,0.7309063788852264709205997,-0.006257436276980190420493599,0.02755253154776494614597304,-0.6818926404435196042541634,0,0,0,0,0,0,0,0,0
1403636639.413555383682251,4.649092409080145316124799,-2.839206894596357777516005,5.86313480174307422032598,0.7462521131443257127457969,-0.01346507801284560316978922,0.01048907362533042265939631,-0.6654445627926944828445244,0,0,0,0,0,0,0,0,0
1403636638.913555383682251,4.447470319497659474450302,-2.698821779978207935357659,5.446608121987654982376625,0.7397891024279228400217789,-0.01755222208977658820971968,0.01204355267220390268700925,-0.6725020169744901910036106,0,0,0,0,0,0,0,0,0
1403636638.463555574417114,4.3498684530276623405598,-2.615186798564157477642311,5.117790218848506711424307,0.7451855695161810899662669,-0.02120378219916031065084283,0.006250547109174182242030682,-0.6664906700445372145225065,0,0,0,0,0,0,0,0,0
1403636637.963555574417114,4.303031471120572604149856,-2.5479435282917877181319,4.828642248959556404486193,0.7342327260857028914387001,-0.0140833724953037357774388,0.02620536757565772312261743,-0.6782457001090290704681252,0,0,0,0,0,0,0,0,0
1403636637.563555479049683,4.254078095076247123529356,-2.350279558098359533602206,4.634651100122593625485479,0.7346000879123668614312237,-0.02326831206404560495326628,0.02175696390692908113728699,-0.6777521234677872374874141,0,0,0,0,0,0,0,0,0
1403636637.063555479049683,4.180808769443385308761663,-2.29302160440021074450101,4.349943476271210585082372,0.7274974714021554822451776,-0.01481316460322042172226276,0.0448582756699260620791847,-0.6844821105437354225031754,0,0,0,0,0,0,0,0,0
1403636636.613555431365967,4.013784898202549022983021,-2.185468521310412803870804,4.036048786228072060566774,0.7274860455345882881417197,-0.008660742973488641180401792,0.05585684893572687853557923,-0.6837902299610277845332007,0,0,0,0,0,0,0,0,0
1403636636.213555574417114,3.755999803596590691512347,-1.886716504777847580598404,3.731746222418568681433726,0.742532947900771511662299,-0.02843470053635569622096924,0.02350391878323463898392554,-0.6687928334986890099855827,0,0,0,0,0,0,0,0,0
1403636635.763555526733398,3.481858519323851819393667,-1.588783964935673420626472,3.388326514556648572096265,0.7472944951016754489003802,-0.02121532300868696208073771,0.02305632273249318478502978,-0.6637539106078684802980661,0,0,0,0,0,0,0,0,0
1403636635.413555383682251,3.335688944948295819870054,-1.442255328268871039654186,3.090309866898497404008594,0.7407336149578271911053662,-0.02674153348405100202866969,0.019201573921720803406199,-0.6709917299681573688019398,0,0,0,0,0,0,0,0,0
1403636635.013555526733398,3.176143561029792561356544,-1.333900765391799358994263,2.77001684537342418579442,0.7364395577813446225334815,-0.03022867307916051599070428,0.03656604536224392076881884,-0.674837706695499583986475,0,0,0,0,0,0,0,0,0
1403636634.663555383682251,3.006132602899061367907052,-1.232875678112316686352301,2.490225856153220895805589,0.7428542494490423253594713,-0.0394779640068176063127936,0.059826399860316979706365,-0.665604878585668635615491,0,0,0,0,0,0,0,0,0
1403636634.263555526733398,2.78275602627881912809471,-1.091852653287118890546026,2.147421465482534763680178,0.7568052750777446435748175,-0.05713824543588541526872859,0.0469734001631056177772372,-0.6494416931889834820879059,0,0,0,0,0,0,0,0,0
1403636633.913555383682251,2.609647450931048329181294,-0.9918060103165896590482475,1.87055754916255234654443,0.7552011456721356985610782,-0.05731922108593390935427081,0.04487102258387766495761895,-0.6514386610509129704738029,0,0,0,0,0,0,0,0,0
1403636633.563555479049683,2.490249833301568571641837,-0.9315296391032796829989593,1.593383113895290081885037,0.7490872718259888873859609,-0.05157967071822810306569451,0.03975707066811589446286845,-0.6592626128432612642171762,0,0,0,0,0,0,0,0,0
1403636632.813555479049683,2.238692362204948160808726,-0.8313960643853955945203893,1.113845094518346012790744,0.769264926029337825497123,-0.1036348574048176623962902,0.08702156716631470612099974,-0.6244345777703949051939958,0,0,0,0,0,0,0,0,0
1403636632.563555479049683,2.170328787909721057758361,-0.8484077090843924473517745,0.9704041321757383986579271,0.7646920019278413693797347,-0.1266016402181627809042652,0.1215975099408319048954752,-0.6200259802285300603230667,0,0,0,0,0,0,0,0,0
1403636632.163555383682251,2.041118788437915831934788,-0.8329069369796772148717423,0.769970925796127136919722,0.7538393333639106241861327,-0.1249783687767754281061627,0.1329669795407129317954542,-0.6312103216498599067563191,0,0,0,0,0,0,0,0,0
1403636631.513555526733398,1.72797788693507392565607,-0.7864032340919774322074431,0.4626919595868171919406109,0.7624387959037913775617312,-0.1239413657707729848889144,0.1324828408754349928777572,-0.6211069934084160193421553,0,0,0,0,0,0,0,0,0
1403636631.163555383682251,1.537491280147537109357359,-0.7795642763163164179474052,0.280080551243287900753387,0.7646461056036202297292448,-0.1270717697018520497831418,0.1318541344187182384750656,-0.6178863918400634425154294,0,0,0,0,0,0,0,0,0
1403636630.863555431365967,1.364641980927161490910748,-0.7457566359621317086947556,0.1424619470224365302968295,0.7619955730917238323485208,-0.1351882356563586240483232,0.1314084438230847251549704,-0.619531055715398459859955,0,0,0,0,0,0,0,0,0
1403636630.613555431365967,1.212392077041475335619225,-0.6731042767982985397523521,0.0476606518514834168187555,0.7615121744373907208824903,-0.1383096905680119559356456,0.1384059141391998370984595,-0.6179105442873560338767902,0,0,0,0,0,0,0,0,0
1403636630.163555383682251,0.9198821476492792248436103,-0.5506396110399724985740022,-0.1109738840063980436223545,0.7684882332382635405920723,-0.1343108055249355170523984,0.1258530383796516716188307,-0.6128192755732505547783262,0,0,0,0,0,0,0,0,0
1403636630.013555526733398,0.8193444159062719389652329,-0.5487749469551815861834143,-0.1750572385654220464168418,0.7685434584151286108166801,-0.1319586093137326276991672,0.1050964932633150911156505,-0.6171568768411005434515459,0,0,0,0,0,0,0,0,0
1403636629.813555479049683,0.7001199910407523985256262,-0.5945737810250055765948218,-0.2649426440161567475328752,0.7652027938207935919834313,-0.1012456312128141855399832,0.08245056486774961224117675,-0.6304093423166701182225324,0,0,0,0,0,0,0,0,0
1403636629.563555479049683,0.5676082716298255226305969,-0.6490133878856696458825581,-0.3388533419192783502360555,0.7605098115174580009067995,-0.05216460828994300830130371,0.06417344300719916849740088,-0.6440384014968461023897817,0,0,0,0,0,0,0,0,0
1403636629.363555431365967,0.4803802002332486775770803,-0.6459598233692687152540657,-0.3797032365033940481957586,0.7484645884840488427869332,-0.04557258086556256748700378,0.04570146279927620597272053,-0.6600267334030993637838947,0,0,0,0,0,0,0,0,0
1403636629.163555383682251,0.3991086798673524338454399,-0.6190619126225131996221762,-0.4091006214242640659506378,0.7425815723426435477350083,-0.03794243055268427949888732,0.02757187823455684722029346,-0.668111350983786822510524,0,0,0,0,0,0,0,0,0
1403636628.713555574417114,0.2299762653752704388843142,-0.5892687408608209276295042,-0.4358210062382589788931853,0.7457837883258637834416049,0.00274917027191504863628535,0.02215293396131718522967802,-0.6658139670622912342778932,0,0,0,0,0,0,0,0,0
1403636628.513555526733398,0.1747222305313473333931995,-0.56181305541991277685554,-0.4442020439056286740253654,0.745734555357362549621314,0.00270293284411898251592965,0.02438931459578322705206155,-0.6657911200230072212846721,0,0,0,0,0,0,0,0,0
1403636628.163555383682251,0.1075422484067247719252691,-0.4525602943049208404246997,-0.4611293237772376985006417,0.7336243051763259304109965,-0.01322901256930235011632924,0.01013096197879440225897429,-0.6793509701592039817796831,0,0,0,0,0,0,0,0,0
1403636627.963555574417114,0.0728965821990434081900645,-0.4273689639286268882045761,-0.4702739553939389582914998,0.7306510511241761651746174,-0.01612603274570588440806063,-0.0105015293634590847760002,-0.6824798244194769658577115,0,0,0,0,0,0,0,0,0
1403636627.813555479049683,0.04791533308249265599165767,-0.4499797710235741710071977,-0.4712614630044566488287217,0.7287309906884607002552912,0.005547693212743314526702587,-0.01287899337754023348923127,-0.6846564846889462430112872,0,0,0,0,0,0,0,0,0
1403636627.713555574417114,0.03210520563400783705665376,-0.4681075913424236345505847,-0.4661344521522092776422141,0.7267779072870121925831199,0.02229172011912606068961828,-0.0125840238217485526212025,-0.6863953649044054472483367,0,0,0,0,0,0,0,0,0
1403636627.563555479049683,0.009214229015117751664387669,-0.4698213283079922253371308,-0.4469741937349347993269078,0.7236559981764132398751599,0.03777868208044588699268118,-0.01413432100614839606600448,-0.6889811215835763835713124,0,0,0,0,0,0,0,0,0
1403636627.113555431365967,-0.04631304200920338676183974,-0.4016558722367471467862288,-0.3737169158896321286000841,0.7176721960575457304187807,0.03124979473955427980436106,-0.02477422577136434087008432,-0.6952383164064201981346969,0,0,0,0,0,0,0,0,0
1403636626.963555574417114,-0.06325875222099748562687438,-0.4302952795702524868559635,-0.3651614764179087480044927,0.7183068247964266017646651,0.04049839566357311959610144,-0.01515539470443208643068989,-0.694381402425309102177664,0,0,0,0,0,0,0,0,0
1403636626.363555431365967,-0.1282320030007107480862771,-0.4419626884756408524701499,-0.3737361064012819644730712,0.7345445562625373403520257,0.04356857523618100358486771,-0.0131142940188712225912937,-0.6770333171595185328683897,0,0,0,0,0,0,0,0,0
1403636626.113555431365967,-0.12818752054169496590319,-0.3282063211789995049727509,-0.3729989463241194513898336,0.7263592831379881431530521,0.03812465603456827861750256,-0.01093020525212541962933877,-0.686169993783297349487782,0,0,0,0,0,0,0,0,0
1403636626.013555526733398,-0.1229926932040964482339973,-0.2623431813390584288470109,-0.3678578597966315477663102,0.7203921720283631424663895,0.03400848246842669286849059,-0.009823101002310827625785272,-0.6926630219859166714968524,0,0,0,0,0,0,0,0,0
1403636625.913555383682251,-0.1175798614447381845726781,-0.1937759088747051938739219,-0.3654978257501763083681112,0.719371913309481136877821,0.02939425557529020197056191,-0.01288598304953946817319466,-0.6938832664609090317142659,0,0,0,0,0,0,0,0,0
1403636625.863555431365967,-0.1153921740791718081320383,-0.1621598507481309126010416,-0.3653533308905227428020623,0.7186436636749741202478958,0.02619527734796781026638257,-0.01507210698307633392478699,-0.694721469911381728223887,0,0,0,0,0,0,0,0,0
1403636625.763555526733398,-0.1109955508087073910994391,-0.1107189644631915020900337,-0.3681058611147256520723658,0.7173123558720682080291908,0.01707626079023727774797159,-0.0218116313927244794002025,-0.6962008646616358875647279,0,0,0,0,0,0,0,0,0
1403636625.313555479049683,-0.1051910627435906769866492,-0.08054773676227537648752985,-0.3874583690166977234525802,0.7184326771582214554712209,0.009984915661888811577728831,-0.02166167012906094688218239,-0.6951874386761291990666223,0,0,0,0,0,0,0,0,0
1403636625.263555526733398,-0.1068060402576420514497713,-0.06701523209223866905936973,-0.3787067188048186539006679,0.7165513068724796985620173,0.006140483216028279865594808,-0.02362990787954426935568719,-0.6971069760628411104974589,0,0,0,0,0,0,0,0,0
1403636625.163555383682251,-0.1126984145065695469556388,-0.03339577126478001506404425,-0.3572195766870482902533013,0.7114364521502787308548932,-0.0003396588455777800022623858,-0.02538258572488862399585408,-0.7022918140326944724805003,0,0,0,0,0,0,0,0,0
1403636625.063555479049683,-0.1226576373746132014863619,-0.00846297855051427426464894,-0.331202011135771967609287,0.7087391630779845685950136,0.003424508017367785314005735,-0.01799788267972974101227557,-0.7052327066989549919640012,0,0,0,0,0,0,0,0,0
1403636625.013555526733398,-0.1297694467833431508640984,-0.0002549010297131400204495577,-0.3173511376143824946893801,0.7109270106190515026156618,0.008345866602641572457033092,-0.01406996015618513541645118,-0.7030755161323949398166633,0,0,0,0,0,0,0,0,0
